[{"partname":"head","image":{},"filename":"head.png","width":270,"height":387,"pins":[{"name":"lefteye","x":0.1759517860155195,"y":0.47588246457489874},{"name":"righteye","x":0.46265472123819157,"y":0.45431901568825916}]},{"partname":"lower left arm","image":{},"filename":"left-arm-lower.png","width":176,"height":535,"pins":[{"name":"top","x":0.4143702193240081,"y":0.056877485089463185},{"name":"bottom","x":0.5091444455277901,"y":0.7087965627288897}]},{"partname":"upper left arm","image":{},"filename":"left-arm-upper.png","width":130,"height":437,"pins":[{"name":"top","x":0.47730205306621815,"y":0.07977464162394059},{"name":"bottom","x":0.45347745259213956,"y":0.8988813827560951}]},{"partname":"lower left leg","image":{},"filename":"left-leg-lower.png","width":213,"height":670,"pins":[{"name":"top","x":0.7589878323338939,"y":0.07511509888040172},{"name":"bottom","x":0.7753674241921831,"y":0.8334107198911792}]},{"partname":"upper left leg","image":{},"filename":"left-leg-upper.png","width":150,"height":519,"pins":[{"name":"top","x":0.5158957439573085,"y":0.07858114471068323},{"name":"bottom","x":0.40643572773882997,"y":0.9155985141780892}]},{"partname":"lower right arm","image":{},"filename":"right-arm-lower.png","width":169,"height":567,"pins":[{"name":"top","x":0.4710379888219732,"y":0.05816090300303439},{"name":"bottom","x":0.5187594845130401,"y":0.6254316208015067}]},{"partname":"upper right arm","image":{},"filename":"right-arm-upper.png","width":116,"height":439,"pins":[{"name":"top","x":0.5512312919217907,"y":0.08865229674584071},{"name":"bottom","x":0.47825145034962646,"y":0.9113558778905515}]},{"partname":"lower right leg","image":{},"filename":"right-leg-lower.png","width":239,"height":650,"pins":[{"name":"top","x":0.2558229268957931,"y":0.07672550224965985},{"name":"bottom","x":0.3078686819842888,"y":0.8023389269645287}]},{"partname":"upper right leg","image":{},"filename":"right-leg-upper.png","width":149,"height":543,"pins":[{"name":"top","x":0.5,"y":0.1},{"name":"bottom","x":0.5,"y":0.9}]},{"partname":"torso","image":{},"filename":"torso.png","width":525,"height":757,"pins":[{"name":"topleft","x":0.18555247794968188,"y":0.15006642206477727},{"name":"topright","x":0.822770764049547,"y":0.14858774038461534},{"name":"bottomleft","x":0.27559171365914786,"y":0.8709514170040487},{"name":"bottomright","x":0.7577810662473491,"y":0.868919218117409}]}]